<?xml version="1.0"?>
<project>
	<problem_description>Problem description here ...</problem_description>
	<version>2016.03.02.0-beta</version>
	<algorithm>
		<training>
			<num_data>150</num_data>
			<num_cols>5</num_cols>
			<num_outputs>1</num_outputs>
			<num_classes>3</num_classes>
			<data_type>0</data_type>
			<list_separator></list_separator>
			<data>
				<row>5.1 3.5 1.4 0.2 0 </row>
				<row>4.9 3 1.4 0.2 0 </row>
				<row>4.7 3.2 1.3 0.2 0 </row>
				<row>4.6 3.1 1.5 0.2 0 </row>
				<row>5 3.6 1.4 0.2 0 </row>
				<row>5.4 3.9 1.7 0.4 0 </row>
				<row>4.6 3.4 1.4 0.3 0 </row>
				<row>5 3.4 1.5 0.2 0 </row>
				<row>4.4 2.9 1.4 0.2 0 </row>
				<row>4.9 3.1 1.5 0.1 0 </row>
				<row>5.4 3.7 1.5 0.2 0 </row>
				<row>4.8 3.4 1.6 0.2 0 </row>
				<row>4.8 3 1.4 0.1 0 </row>
				<row>4.3 3 1.1 0.1 0 </row>
				<row>5.8 4 1.2 0.2 0 </row>
				<row>5.7 4.4 1.5 0.4 0 </row>
				<row>5.4 3.9 1.3 0.4 0 </row>
				<row>5.1 3.5 1.4 0.3 0 </row>
				<row>5.7 3.8 1.7 0.3 0 </row>
				<row>5.1 3.8 1.5 0.3 0 </row>
				<row>5.4 3.4 1.7 0.2 0 </row>
				<row>5.1 3.7 1.5 0.4 0 </row>
				<row>4.6 3.6 1 0.2 0 </row>
				<row>5.1 3.3 1.7 0.5 0 </row>
				<row>4.8 3.4 1.9 0.2 0 </row>
				<row>5 3 1.6 0.2 0 </row>
				<row>5 3.4 1.6 0.4 0 </row>
				<row>5.2 3.5 1.5 0.2 0 </row>
				<row>5.2 3.4 1.4 0.2 0 </row>
				<row>4.7 3.2 1.6 0.2 0 </row>
				<row>4.8 3.1 1.6 0.2 0 </row>
				<row>5.4 3.4 1.5 0.4 0 </row>
				<row>5.2 4.1 1.5 0.1 0 </row>
				<row>5.5 4.2 1.4 0.2 0 </row>
				<row>4.9 3.1 1.5 0.1 0 </row>
				<row>5 3.2 1.2 0.2 0 </row>
				<row>5.5 3.5 1.3 0.2 0 </row>
				<row>4.9 3.1 1.5 0.1 0 </row>
				<row>4.4 3 1.3 0.2 0 </row>
				<row>5.1 3.4 1.5 0.2 0 </row>
				<row>5 3.5 1.3 0.3 0 </row>
				<row>4.5 2.3 1.3 0.3 0 </row>
				<row>4.4 3.2 1.3 0.2 0 </row>
				<row>5 3.5 1.6 0.6 0 </row>
				<row>5.1 3.8 1.9 0.4 0 </row>
				<row>4.8 3 1.4 0.3 0 </row>
				<row>5.1 3.8 1.6 0.2 0 </row>
				<row>4.6 3.2 1.4 0.2 0 </row>
				<row>5.3 3.7 1.5 0.2 0 </row>
				<row>5 3.3 1.4 0.2 0 </row>
				<row>7 3.2 4.7 1.4 1 </row>
				<row>6.4 3.2 4.5 1.5 1 </row>
				<row>6.9 3.1 4.9 1.5 1 </row>
				<row>5.5 2.3 4 1.3 1 </row>
				<row>6.5 2.8 4.6 1.5 1 </row>
				<row>5.7 2.8 4.5 1.3 1 </row>
				<row>6.3 3.3 4.7 1.6 1 </row>
				<row>4.9 2.4 3.3 1 1 </row>
				<row>6.6 2.9 4.6 1.3 1 </row>
				<row>5.2 2.7 3.9 1.4 1 </row>
				<row>5 2 3.5 1 1 </row>
				<row>5.9 3 4.2 1.5 1 </row>
				<row>6 2.2 4 1 1 </row>
				<row>6.1 2.9 4.7 1.4 1 </row>
				<row>5.6 2.9 3.6 1.3 1 </row>
				<row>6.7 3.1 4.4 1.4 1 </row>
				<row>5.6 3 4.5 1.5 1 </row>
				<row>5.8 2.7 4.1 1 1 </row>
				<row>6.2 2.2 4.5 1.5 1 </row>
				<row>5.6 2.5 3.9 1.1 1 </row>
				<row>5.9 3.2 4.8 1.8 1 </row>
				<row>6.1 2.8 4 1.3 1 </row>
				<row>6.3 2.5 4.9 1.5 1 </row>
				<row>6.1 2.8 4.7 1.2 1 </row>
				<row>6.4 2.9 4.3 1.3 1 </row>
				<row>6.6 3 4.4 1.4 1 </row>
				<row>6.8 2.8 4.8 1.4 1 </row>
				<row>6.7 3 5 1.7 1 </row>
				<row>6 2.9 4.5 1.5 1 </row>
				<row>5.7 2.6 3.5 1 1 </row>
				<row>5.5 2.4 3.8 1.1 1 </row>
				<row>5.5 2.4 3.7 1 1 </row>
				<row>5.8 2.7 3.9 1.2 1 </row>
				<row>6 2.7 5.1 1.6 1 </row>
				<row>5.4 3 4.5 1.5 1 </row>
				<row>6 3.4 4.5 1.6 1 </row>
				<row>6.7 3.1 4.7 1.5 1 </row>
				<row>6.3 2.3 4.4 1.3 1 </row>
				<row>5.6 3 4.1 1.3 1 </row>
				<row>5.5 2.5 4 1.3 1 </row>
				<row>5.5 2.6 4.4 1.2 1 </row>
				<row>6.1 3 4.6 1.4 1 </row>
				<row>5.8 2.6 4 1.2 1 </row>
				<row>5 2.3 3.3 1 1 </row>
				<row>5.6 2.7 4.2 1.3 1 </row>
				<row>5.7 3 4.2 1.2 1 </row>
				<row>5.7 2.9 4.2 1.3 1 </row>
				<row>6.2 2.9 4.3 1.3 1 </row>
				<row>5.1 2.5 3 1.1 1 </row>
				<row>5.7 2.8 4.1 1.3 1 </row>
				<row>6.3 3.3 6 2.5 2 </row>
				<row>5.8 2.7 5.1 1.9 2 </row>
				<row>7.1 3 5.9 2.1 2 </row>
				<row>6.3 2.9 5.6 1.8 2 </row>
				<row>6.5 3 5.8 2.2 2 </row>
				<row>7.6 3 6.6 2.1 2 </row>
				<row>4.9 2.5 4.5 1.7 2 </row>
				<row>7.3 2.9 6.3 1.8 2 </row>
				<row>6.7 2.5 5.8 1.8 2 </row>
				<row>7.2 3.6 6.1 2.5 2 </row>
				<row>6.5 3.2 5.1 2 2 </row>
				<row>6.4 2.7 5.3 1.9 2 </row>
				<row>6.8 3 5.5 2.1 2 </row>
				<row>5.7 2.5 5 2 2 </row>
				<row>5.8 2.8 5.1 2.4 2 </row>
				<row>6.4 3.2 5.3 2.3 2 </row>
				<row>6.5 3 5.5 1.8 2 </row>
				<row>7.7 3.8 6.7 2.2 2 </row>
				<row>7.7 2.6 6.9 2.3 2 </row>
				<row>6 2.2 5 1.5 2 </row>
				<row>6.9 3.2 5.7 2.3 2 </row>
				<row>5.6 2.8 4.9 2 2 </row>
				<row>7.7 2.8 6.7 2 2 </row>
				<row>6.3 2.7 4.9 1.8 2 </row>
				<row>6.7 3.3 5.7 2.1 2 </row>
				<row>7.2 3.2 6 1.8 2 </row>
				<row>6.2 2.8 4.8 1.8 2 </row>
				<row>6.1 3 4.9 1.8 2 </row>
				<row>6.4 2.8 5.6 2.1 2 </row>
				<row>7.2 3 5.8 1.6 2 </row>
				<row>7.4 2.8 6.1 1.9 2 </row>
				<row>7.9 3.8 6.4 2 2 </row>
				<row>6.4 2.8 5.6 2.2 2 </row>
				<row>6.3 2.8 5.1 1.5 2 </row>
				<row>6.1 2.6 5.6 1.4 2 </row>
				<row>7.7 3 6.1 2.3 2 </row>
				<row>6.3 3.4 5.6 2.4 2 </row>
				<row>6.4 3.1 5.5 1.8 2 </row>
				<row>6 3 4.8 1.8 2 </row>
				<row>6.9 3.1 5.4 2.1 2 </row>
				<row>6.7 3.1 5.6 2.4 2 </row>
				<row>6.9 3.1 5.1 2.3 2 </row>
				<row>5.8 2.7 5.1 1.9 2 </row>
				<row>6.8 3.2 5.9 2.3 2 </row>
				<row>6.7 3.3 5.7 2.5 2 </row>
				<row>6.7 3 5.2 2.3 2 </row>
				<row>6.3 2.5 5 1.9 2 </row>
				<row>6.5 3 5.2 2 2 </row>
				<row>6.2 3.4 5.4 2.3 2 </row>
				<row>5.9 3 5.1 1.8 2 </row>
			</data>
		</training>
		<validation>
			<num_data>0</num_data>
			<num_cols>0</num_cols>
			<num_outputs>1</num_outputs>
			<num_classes>0</num_classes>
			<data_type>0</data_type>
			<list_separator></list_separator>
		</validation>
		<test>
			<num_data>0</num_data>
			<num_cols>0</num_cols>
			<num_outputs>0</num_outputs>
			<num_classes>0</num_classes>
			<data_type>0</data_type>
			<list_separator></list_separator>
		</test>
		<variables_utilization>1 1 1 1 </variables_utilization>
		<parameters>
			<mutation_probability>0.01</mutation_probability>
			<crossover_probability>0.9</crossover_probability>
			<crossover_type>0</crossover_type>
			<chromosome_length>50</chromosome_length>
			<subpopulation_size>100</subpopulation_size>
			<num_subpopulations>2</num_subpopulations>
			<tournament_size>2</tournament_size>
			<number_of_generations>100</number_of_generations>
			<problem_type>2</problem_type>
			<random_seed>0</random_seed>
			<operators_probability>0.5</operators_probability>
			<variables_probability>0.4</variables_probability>
			<constants_probability>0.1</constants_probability>
			<num_runs>10</num_runs>
			<use_validation_data>0</use_validation_data>
			<simplified>0</simplified>
			<num_threads>2</num_threads>
		</parameters>
		<constants>
			<type>1</type>
			<num_automatic_constants>5</num_automatic_constants>
			<min_interval>-1</min_interval>
			<max_interval>1</max_interval>
			<evolve>1</evolve>
			<stddev>0.1</stddev>
			<num_user_defined_constants>0</num_user_defined_constants>
		</constants>
		<operators>
			<use_addition>1</use_addition>
			<use_subtraction>1</use_subtraction>
			<use_multiplication>1</use_multiplication>
			<use_division>1</use_division>
			<use_power>0</use_power>
			<use_sqrt>0</use_sqrt>
			<use_exp>0</use_exp>
			<use_pow10>0</use_pow10>
			<use_ln>0</use_ln>
			<use_log10>0</use_log10>
			<use_log2>0</use_log2>
			<use_floor>0</use_floor>
			<use_ceil>0</use_ceil>
			<use_abs>0</use_abs>
			<use_inv>0</use_inv>
			<use_x2>0</use_x2>
			<use_min>0</use_min>
			<use_max>0</use_max>
			<use_not>0</use_not>
			<use_and>0</use_and>
			<use_or>0</use_or>
			<use_xor>0</use_xor>
			<use_nand>0</use_nand>
			<use_nor>0</use_nor>
			<use_sin>0</use_sin>
			<use_cos>0</use_cos>
			<use_tan>0</use_tan>
			<use_asin>0</use_asin>
			<use_acos>0</use_acos>
			<use_atan>0</use_atan>
			<use_iflz>1</use_iflz>
			<use_ifalbcd>1</use_ifalbcd>
		</operators>
		<results>
			<run>
				<running_time>1</running_time>
				<best_training_error>
					<e>0.166667</e>
					<e>0.166667</e>
					<e>0.166667</e>
					<e>0.113333</e>
					<e>0.113333</e>
					<e>0.113333</e>
					<e>0.113333</e>
					<e>0.113333</e>
					<e>0.113333</e>
					<e>0.113333</e>
					<e>0.0866667</e>
					<e>0.0866667</e>
					<e>0.0866667</e>
					<e>0.0866667</e>
					<e>0.0866667</e>
					<e>0.0866667</e>
					<e>0.0466667</e>
					<e>0.0466667</e>
					<e>0.0466667</e>
					<e>0.0333333</e>
					<e>0.0333333</e>
					<e>0.0333333</e>
					<e>0.0333333</e>
					<e>0.0333333</e>
					<e>0.0333333</e>
					<e>0.0333333</e>
					<e>0.0333333</e>
					<e>0.0333333</e>
					<e>0.0333333</e>
					<e>0.0333333</e>
					<e>0.0333333</e>
					<e>0.0333333</e>
					<e>0.0333333</e>
					<e>0.0333333</e>
					<e>0.0333333</e>
					<e>0.0333333</e>
					<e>0.0333333</e>
					<e>0.0333333</e>
					<e>0.0333333</e>
					<e>0.0333333</e>
					<e>0.0333333</e>
					<e>0.0333333</e>
					<e>0.0333333</e>
					<e>0.0333333</e>
					<e>0.0333333</e>
					<e>0.0333333</e>
					<e>0.0333333</e>
					<e>0.0333333</e>
					<e>0.0333333</e>
					<e>0.0333333</e>
					<e>0.0333333</e>
					<e>0.0333333</e>
					<e>0.0333333</e>
					<e>0.0333333</e>
					<e>0.0333333</e>
					<e>0.0333333</e>
					<e>0.0333333</e>
					<e>0.0333333</e>
					<e>0.0333333</e>
					<e>0.0333333</e>
					<e>0.0333333</e>
					<e>0.0333333</e>
					<e>0.0333333</e>
					<e>0.0333333</e>
					<e>0.0333333</e>
					<e>0.0333333</e>
					<e>0.0333333</e>
					<e>0.0333333</e>
					<e>0.0333333</e>
					<e>0.0333333</e>
					<e>0.0333333</e>
					<e>0.0333333</e>
					<e>0.0333333</e>
					<e>0.0333333</e>
					<e>0.0333333</e>
					<e>0.0333333</e>
					<e>0.0333333</e>
					<e>0.0333333</e>
					<e>0.0333333</e>
					<e>0.0333333</e>
					<e>0.0333333</e>
					<e>0.0333333</e>
					<e>0.0333333</e>
					<e>0.0333333</e>
					<e>0.0333333</e>
					<e>0.0333333</e>
					<e>0.0333333</e>
					<e>0.0333333</e>
					<e>0.0333333</e>
					<e>0.0333333</e>
					<e>0.0333333</e>
					<e>0.0333333</e>
					<e>0.0333333</e>
					<e>0.0333333</e>
					<e>0.0333333</e>
					<e>0.0333333</e>
					<e>0.0333333</e>
					<e>0.0333333</e>
					<e>0.0333333</e>
					<e>0.0333333</e>
				</best_training_error>
				<average_training_error>
					<e>0.6673</e>
					<e>0.5906</e>
					<e>0.5281</e>
					<e>0.449667</e>
					<e>0.377433</e>
					<e>0.339367</e>
					<e>0.329033</e>
					<e>0.326333</e>
					<e>0.324333</e>
					<e>0.3203</e>
					<e>0.314733</e>
					<e>0.305367</e>
					<e>0.295967</e>
					<e>0.279367</e>
					<e>0.258</e>
					<e>0.236133</e>
					<e>0.2194</e>
					<e>0.201133</e>
					<e>0.178433</e>
					<e>0.150267</e>
					<e>0.114867</e>
					<e>0.0827</e>
					<e>0.0670667</e>
					<e>0.0638</e>
					<e>0.0612</e>
					<e>0.0568333</e>
					<e>0.0501</e>
					<e>0.0421333</e>
					<e>0.0392667</e>
					<e>0.0366</e>
					<e>0.0365667</e>
					<e>0.0365333</e>
					<e>0.0364</e>
					<e>0.0363333</e>
					<e>0.0361667</e>
					<e>0.0359333</e>
					<e>0.0353333</e>
					<e>0.0345</e>
					<e>0.0333333</e>
					<e>0.0333333</e>
					<e>0.0333333</e>
					<e>0.0333333</e>
					<e>0.0333333</e>
					<e>0.0333333</e>
					<e>0.0333333</e>
					<e>0.0333333</e>
					<e>0.0333333</e>
					<e>0.0333333</e>
					<e>0.0333333</e>
					<e>0.0333333</e>
					<e>0.0333333</e>
					<e>0.0333333</e>
					<e>0.0333333</e>
					<e>0.0333333</e>
					<e>0.0333333</e>
					<e>0.0333333</e>
					<e>0.0333333</e>
					<e>0.0333333</e>
					<e>0.0333333</e>
					<e>0.0333333</e>
					<e>0.0333333</e>
					<e>0.0333333</e>
					<e>0.0333333</e>
					<e>0.0333333</e>
					<e>0.0333333</e>
					<e>0.0333333</e>
					<e>0.0333333</e>
					<e>0.0333333</e>
					<e>0.0333333</e>
					<e>0.0333333</e>
					<e>0.0333333</e>
					<e>0.0333333</e>
					<e>0.0333333</e>
					<e>0.0333333</e>
					<e>0.0333333</e>
					<e>0.0333333</e>
					<e>0.0333333</e>
					<e>0.0333333</e>
					<e>0.0333333</e>
					<e>0.0333333</e>
					<e>0.0333333</e>
					<e>0.0333333</e>
					<e>0.0333333</e>
					<e>0.0333333</e>
					<e>0.0333333</e>
					<e>0.0333333</e>
					<e>0.0333333</e>
					<e>0.0333333</e>
					<e>0.0333333</e>
					<e>0.0333333</e>
					<e>0.0333333</e>
					<e>0.0333333</e>
					<e>0.0333333</e>
					<e>0.0333333</e>
					<e>0.0333333</e>
					<e>0.0333333</e>
					<e>0.0333333</e>
					<e>0.0333333</e>
					<e>0.0333333</e>
					<e>0.0333333</e>
				</average_training_error>
				<best_validation_error>-1</best_validation_error>
				<test_error>-1</test_error>
				<last_generation>99</last_generation>
				<program>
					<code_length>50</code_length>
					<num_variables>4</num_variables>
					<code>
						<i>0</i>
						<i>-26 0 0 0 0</i>
						<i>0</i>
						<i>5</i>
						<i>6</i>
						<i>3</i>
						<i>-3 1 5 1 4</i>
						<i>1</i>
						<i>-1 5 6 7 2</i>
						<i>-26 2 5 3 0</i>
						<i>-1 2 1 9 3</i>
						<i>-2 2 5 10 10</i>
						<i>7</i>
						<i>-1 3 11 3 9</i>
						<i>2</i>
						<i>-1 13 1 14 13</i>
						<i>2</i>
						<i>-1 5 6 6 1</i>
						<i>3</i>
						<i>-4 9 8 14 7</i>
						<i>3</i>
						<i>1</i>
						<i>2</i>
						<i>0</i>
						<i>6</i>
						<i>-25 13 8 19 22</i>
						<i>-25 4 5 11 19</i>
						<i>-26 23 15 0 2</i>
						<i>-25 2 14 19 24</i>
						<i>-3 26 7 23 5</i>
						<i>-1 22 4 28 11</i>
						<i>2</i>
						<i>-2 19 26 26 7</i>
						<i>1</i>
						<i>0</i>
						<i>-3 13 24 12 21</i>
						<i>-1 9 13 5 23</i>
						<i>-25 4 13 25 25</i>
						<i>0</i>
						<i>-4 0 20 24 25</i>
						<i>-26 34 23 37 6</i>
						<i>2</i>
						<i>7</i>
						<i>-1 28 40 32 29</i>
						<i>1</i>
						<i>-1 36 19 15 40</i>
						<i>1</i>
						<i>-1 46 27 20 18</i>
						<i>-4 7 2 11 39</i>
						<i>3</i>
					</code>
					<best>-1</best>
					<error>0.0333333</error>
					<binary_classification_threshold>0</binary_classification_threshold>
					<num_constants>5</num_constants>
					<constants>0.884518 0.0422681 -0.17777 0.178442 0.652944 </constants>
				</program>
			</run>
			<run>
				<running_time>0</running_time>
				<best_training_error>
					<e>0.286667</e>
					<e>0.266667</e>
					<e>0.133333</e>
					<e>0.133333</e>
					<e>0.133333</e>
					<e>0.06</e>
					<e>0.06</e>
					<e>0.06</e>
					<e>0.04</e>
					<e>0.04</e>
					<e>0.04</e>
					<e>0.04</e>
					<e>0.04</e>
					<e>0.04</e>
					<e>0.04</e>
					<e>0.04</e>
					<e>0.04</e>
					<e>0.04</e>
					<e>0.04</e>
					<e>0.04</e>
					<e>0.04</e>
					<e>0.04</e>
					<e>0.04</e>
					<e>0.04</e>
					<e>0.04</e>
					<e>0.04</e>
					<e>0.04</e>
					<e>0.04</e>
					<e>0.04</e>
					<e>0.04</e>
					<e>0.04</e>
					<e>0.04</e>
					<e>0.04</e>
					<e>0.04</e>
					<e>0.04</e>
					<e>0.04</e>
					<e>0.04</e>
					<e>0.04</e>
					<e>0.04</e>
					<e>0.04</e>
					<e>0.04</e>
					<e>0.04</e>
					<e>0.04</e>
					<e>0.04</e>
					<e>0.04</e>
					<e>0.04</e>
					<e>0.04</e>
					<e>0.04</e>
					<e>0.04</e>
					<e>0.04</e>
					<e>0.04</e>
					<e>0.04</e>
					<e>0.04</e>
					<e>0.04</e>
					<e>0.04</e>
					<e>0.04</e>
					<e>0.04</e>
					<e>0.04</e>
					<e>0.04</e>
					<e>0.04</e>
					<e>0.04</e>
					<e>0.04</e>
					<e>0.04</e>
					<e>0.04</e>
					<e>0.04</e>
					<e>0.04</e>
					<e>0.04</e>
					<e>0.04</e>
					<e>0.04</e>
					<e>0.04</e>
					<e>0.04</e>
					<e>0.04</e>
					<e>0.04</e>
					<e>0.04</e>
					<e>0.04</e>
					<e>0.04</e>
					<e>0.04</e>
					<e>0.04</e>
					<e>0.04</e>
					<e>0.04</e>
					<e>0.04</e>
					<e>0.04</e>
					<e>0.04</e>
					<e>0.04</e>
					<e>0.04</e>
					<e>0.04</e>
					<e>0.04</e>
					<e>0.04</e>
					<e>0.04</e>
					<e>0.04</e>
					<e>0.04</e>
					<e>0.04</e>
					<e>0.04</e>
					<e>0.04</e>
					<e>0.04</e>
					<e>0.04</e>
					<e>0.04</e>
					<e>0.04</e>
					<e>0.04</e>
					<e>0.04</e>
				</best_training_error>
				<average_training_error>
					<e>0.631767</e>
					<e>0.5567</e>
					<e>0.481267</e>
					<e>0.4063</e>
					<e>0.3602</e>
					<e>0.3339</e>
					<e>0.323467</e>
					<e>0.3181</e>
					<e>0.3108</e>
					<e>0.304533</e>
					<e>0.2947</e>
					<e>0.2771</e>
					<e>0.25</e>
					<e>0.225867</e>
					<e>0.1942</e>
					<e>0.1424</e>
					<e>0.108433</e>
					<e>0.0859667</e>
					<e>0.0712667</e>
					<e>0.0609</e>
					<e>0.0524667</e>
					<e>0.0467333</e>
					<e>0.0435667</e>
					<e>0.0429333</e>
					<e>0.0428333</e>
					<e>0.0427</e>
					<e>0.0424333</e>
					<e>0.0420333</e>
					<e>0.0415667</e>
					<e>0.0406667</e>
					<e>0.04</e>
					<e>0.04</e>
					<e>0.04</e>
					<e>0.04</e>
					<e>0.04</e>
					<e>0.04</e>
					<e>0.04</e>
					<e>0.04</e>
					<e>0.04</e>
					<e>0.04</e>
					<e>0.04</e>
					<e>0.04</e>
					<e>0.04</e>
					<e>0.04</e>
					<e>0.04</e>
					<e>0.04</e>
					<e>0.04</e>
					<e>0.04</e>
					<e>0.04</e>
					<e>0.04</e>
					<e>0.04</e>
					<e>0.04</e>
					<e>0.04</e>
					<e>0.04</e>
					<e>0.04</e>
					<e>0.04</e>
					<e>0.04</e>
					<e>0.04</e>
					<e>0.04</e>
					<e>0.04</e>
					<e>0.04</e>
					<e>0.04</e>
					<e>0.04</e>
					<e>0.04</e>
					<e>0.04</e>
					<e>0.04</e>
					<e>0.04</e>
					<e>0.04</e>
					<e>0.04</e>
					<e>0.04</e>
					<e>0.04</e>
					<e>0.04</e>
					<e>0.04</e>
					<e>0.04</e>
					<e>0.04</e>
					<e>0.04</e>
					<e>0.04</e>
					<e>0.04</e>
					<e>0.04</e>
					<e>0.04</e>
					<e>0.04</e>
					<e>0.04</e>
					<e>0.04</e>
					<e>0.04</e>
					<e>0.04</e>
					<e>0.04</e>
					<e>0.04</e>
					<e>0.04</e>
					<e>0.04</e>
					<e>0.04</e>
					<e>0.04</e>
					<e>0.04</e>
					<e>0.04</e>
					<e>0.04</e>
					<e>0.04</e>
					<e>0.04</e>
					<e>0.04</e>
					<e>0.04</e>
					<e>0.04</e>
					<e>0.04</e>
				</average_training_error>
				<best_validation_error>-1</best_validation_error>
				<test_error>-1</test_error>
				<last_generation>99</last_generation>
				<program>
					<code_length>50</code_length>
					<num_variables>4</num_variables>
					<code>
						<i>3</i>
						<i>-3 0 0 0 0</i>
						<i>-25 0 0 1 1</i>
						<i>-4 2 0 2 0</i>
						<i>3</i>
						<i>2</i>
						<i>2</i>
						<i>0</i>
						<i>-25 4 1 2 2</i>
						<i>3</i>
						<i>-26 9 1 9 6</i>
						<i>-3 4 0 10 0</i>
						<i>-26 2 1 3 5</i>
						<i>-1 0 12 3 10</i>
						<i>0</i>
						<i>3</i>
						<i>-26 15 9 2 4</i>
						<i>-4 11 9 12 0</i>
						<i>-25 10 10 4 14</i>
						<i>-1 13 15 2 9</i>
						<i>1</i>
						<i>1</i>
						<i>-2 17 9 8 8</i>
						<i>-3 18 0 8 0</i>
						<i>-4 5 19 11 3</i>
						<i>-25 7 15 2 16</i>
						<i>1</i>
						<i>3</i>
						<i>3</i>
						<i>1</i>
						<i>2</i>
						<i>2</i>
						<i>4</i>
						<i>-4 7 28 26 8</i>
						<i>-1 11 6 3 27</i>
						<i>3</i>
						<i>-2 25 29 5 27</i>
						<i>-26 30 9 9 34</i>
						<i>3</i>
						<i>2</i>
						<i>-25 9 3 23 37</i>
						<i>-3 17 30 31 19</i>
						<i>3</i>
						<i>-26 6 18 4 6</i>
						<i>1</i>
						<i>3</i>
						<i>-2 35 31 30 8</i>
						<i>1</i>
						<i>-2 12 32 24 22</i>
						<i>3</i>
					</code>
					<best>-1</best>
					<error>0.04</error>
					<binary_classification_threshold>0</binary_classification_threshold>
					<num_constants>5</num_constants>
					<constants>-0.703238 0.0242012 -0.715934 0.376385 -0.111057 </constants>
				</program>
			</run>
			<run>
				<running_time>1</running_time>
				<best_training_error>
					<e>0.333333</e>
					<e>0.26</e>
					<e>0.0533333</e>
					<e>0.0533333</e>
					<e>0.0533333</e>
					<e>0.0533333</e>
					<e>0.0533333</e>
					<e>0.0533333</e>
					<e>0.0533333</e>
					<e>0.0533333</e>
					<e>0.0533333</e>
					<e>0.0533333</e>
					<e>0.0533333</e>
					<e>0.0533333</e>
					<e>0.0533333</e>
					<e>0.0533333</e>
					<e>0.0533333</e>
					<e>0.0533333</e>
					<e>0.0533333</e>
					<e>0.0533333</e>
					<e>0.0466667</e>
					<e>0.0266667</e>
					<e>0.0266667</e>
					<e>0.0266667</e>
					<e>0.0266667</e>
					<e>0.0266667</e>
					<e>0.0266667</e>
					<e>0.0266667</e>
					<e>0.0266667</e>
					<e>0.0266667</e>
					<e>0.0266667</e>
					<e>0.0266667</e>
					<e>0.0266667</e>
					<e>0.0266667</e>
					<e>0.0266667</e>
					<e>0.0266667</e>
					<e>0.0266667</e>
					<e>0.0266667</e>
					<e>0.0266667</e>
					<e>0.0266667</e>
					<e>0.0266667</e>
					<e>0.0266667</e>
					<e>0.0266667</e>
					<e>0.0266667</e>
					<e>0.0266667</e>
					<e>0.0266667</e>
					<e>0.0266667</e>
					<e>0.0266667</e>
					<e>0.0266667</e>
					<e>0.0266667</e>
					<e>0.0266667</e>
					<e>0.0266667</e>
					<e>0.0266667</e>
					<e>0.0266667</e>
					<e>0.0266667</e>
					<e>0.0266667</e>
					<e>0.0266667</e>
					<e>0.0266667</e>
					<e>0.0266667</e>
					<e>0.0266667</e>
					<e>0.0266667</e>
					<e>0.0266667</e>
					<e>0.0266667</e>
					<e>0.0266667</e>
					<e>0.0266667</e>
					<e>0.0266667</e>
					<e>0.0266667</e>
					<e>0.0266667</e>
					<e>0.0266667</e>
					<e>0.0266667</e>
					<e>0.0266667</e>
					<e>0.0266667</e>
					<e>0.0266667</e>
					<e>0.0266667</e>
					<e>0.0266667</e>
					<e>0.0266667</e>
					<e>0.0266667</e>
					<e>0.0266667</e>
					<e>0.0266667</e>
					<e>0.0266667</e>
					<e>0.0266667</e>
					<e>0.0266667</e>
					<e>0.0266667</e>
					<e>0.0266667</e>
					<e>0.0266667</e>
					<e>0.0266667</e>
					<e>0.0266667</e>
					<e>0.0266667</e>
					<e>0.0266667</e>
					<e>0.0266667</e>
					<e>0.0266667</e>
					<e>0.0266667</e>
					<e>0.0266667</e>
					<e>0.0266667</e>
					<e>0.0266667</e>
					<e>0.0266667</e>
					<e>0.0266667</e>
					<e>0.0266667</e>
					<e>0.0266667</e>
					<e>0.0266667</e>
				</best_training_error>
				<average_training_error>
					<e>0.672933</e>
					<e>0.586233</e>
					<e>0.5295</e>
					<e>0.4704</e>
					<e>0.4123</e>
					<e>0.3753</e>
					<e>0.3488</e>
					<e>0.329033</e>
					<e>0.318333</e>
					<e>0.314</e>
					<e>0.305467</e>
					<e>0.294633</e>
					<e>0.268733</e>
					<e>0.2343</e>
					<e>0.2014</e>
					<e>0.1954</e>
					<e>0.189133</e>
					<e>0.172233</e>
					<e>0.160667</e>
					<e>0.147767</e>
					<e>0.137167</e>
					<e>0.125967</e>
					<e>0.112467</e>
					<e>0.104367</e>
					<e>0.101567</e>
					<e>0.0986333</e>
					<e>0.0956333</e>
					<e>0.091</e>
					<e>0.0837</e>
					<e>0.0747</e>
					<e>0.0653</e>
					<e>0.0583333</e>
					<e>0.0553</e>
					<e>0.0528333</e>
					<e>0.0505333</e>
					<e>0.0483667</e>
					<e>0.0467</e>
					<e>0.0443667</e>
					<e>0.0422</e>
					<e>0.0404</e>
					<e>0.0394333</e>
					<e>0.0385333</e>
					<e>0.0376333</e>
					<e>0.0357333</e>
					<e>0.034</e>
					<e>0.0309333</e>
					<e>0.0279</e>
					<e>0.0266667</e>
					<e>0.0266667</e>
					<e>0.0266667</e>
					<e>0.0266667</e>
					<e>0.0266667</e>
					<e>0.0266667</e>
					<e>0.0266667</e>
					<e>0.0266667</e>
					<e>0.0266667</e>
					<e>0.0266667</e>
					<e>0.0266667</e>
					<e>0.0266667</e>
					<e>0.0266667</e>
					<e>0.0266667</e>
					<e>0.0266667</e>
					<e>0.0266667</e>
					<e>0.0266667</e>
					<e>0.0266667</e>
					<e>0.0266667</e>
					<e>0.0266667</e>
					<e>0.0266667</e>
					<e>0.0266667</e>
					<e>0.0266667</e>
					<e>0.0266667</e>
					<e>0.0266667</e>
					<e>0.0266667</e>
					<e>0.0266667</e>
					<e>0.0266667</e>
					<e>0.0266667</e>
					<e>0.0266667</e>
					<e>0.0266667</e>
					<e>0.0266667</e>
					<e>0.0266667</e>
					<e>0.0266667</e>
					<e>0.0266667</e>
					<e>0.0266667</e>
					<e>0.0266667</e>
					<e>0.0266667</e>
					<e>0.0266667</e>
					<e>0.0266667</e>
					<e>0.0266667</e>
					<e>0.0266667</e>
					<e>0.0266667</e>
					<e>0.0266667</e>
					<e>0.0266667</e>
					<e>0.0266667</e>
					<e>0.0266667</e>
					<e>0.0266667</e>
					<e>0.0266667</e>
					<e>0.0266667</e>
					<e>0.0266667</e>
					<e>0.0266667</e>
					<e>0.0266667</e>
				</average_training_error>
				<best_validation_error>-1</best_validation_error>
				<test_error>-1</test_error>
				<last_generation>99</last_generation>
				<program>
					<code_length>50</code_length>
					<num_variables>4</num_variables>
					<code>
						<i>3</i>
						<i>7</i>
						<i>-26 0 1 1 0</i>
						<i>-25 1 2 2 0</i>
						<i>-3 2 0 3 0</i>
						<i>3</i>
						<i>-1 4 2 4 3</i>
						<i>1</i>
						<i>-3 0 3 5 4</i>
						<i>3</i>
						<i>-1 2 6 4 3</i>
						<i>3</i>
						<i>-4 10 11 11 3</i>
						<i>-1 2 8 7 4</i>
						<i>0</i>
						<i>3</i>
						<i>-26 2 8 7 7</i>
						<i>0</i>
						<i>-26 9 3 13 14</i>
						<i>-26 16 5 5 0</i>
						<i>-25 15 17 11 12</i>
						<i>-3 3 3 10 1</i>
						<i>6</i>
						<i>5</i>
						<i>-25 3 3 5 12</i>
						<i>-25 1 13 12 18</i>
						<i>6</i>
						<i>-4 16 11 10 9</i>
						<i>-25 5 6 21 2</i>
						<i>2</i>
						<i>1</i>
						<i>-1 14 22 18 5</i>
						<i>1</i>
						<i>1</i>
						<i>-26 29 22 1 0</i>
						<i>-3 11 29 11 3</i>
						<i>-2 30 20 14 23</i>
						<i>2</i>
						<i>4</i>
						<i>3</i>
						<i>-1 18 39 9 28</i>
						<i>-4 38 19 37 21</i>
						<i>0</i>
						<i>-1 5 16 14 33</i>
						<i>0</i>
						<i>-4 43 2 31 26</i>
						<i>-2 5 18 44 35</i>
						<i>-4 2 16 19 23</i>
						<i>-2 6 23 43 23</i>
						<i>2</i>
					</code>
					<best>-1</best>
					<error>0.0266667</error>
					<binary_classification_threshold>0</binary_classification_threshold>
					<num_constants>5</num_constants>
					<constants>-0.200293 0.743889 0.315775 -0.918516 -0.742912 </constants>
				</program>
			</run>
			<run>
				<running_time>0</running_time>
				<best_training_error>
					<e>0.333333</e>
					<e>0.186667</e>
					<e>0.113333</e>
					<e>0.0733333</e>
					<e>0.0666667</e>
					<e>0.0666667</e>
					<e>0.0666667</e>
					<e>0.0533333</e>
					<e>0.0533333</e>
					<e>0.0533333</e>
					<e>0.04</e>
					<e>0.04</e>
					<e>0.0333333</e>
					<e>0.0333333</e>
					<e>0.0333333</e>
					<e>0.0266667</e>
					<e>0.0266667</e>
					<e>0.0266667</e>
					<e>0.0266667</e>
					<e>0.0266667</e>
					<e>0.0266667</e>
					<e>0.0266667</e>
					<e>0.0266667</e>
					<e>0.0266667</e>
					<e>0.0266667</e>
					<e>0.0266667</e>
					<e>0.0266667</e>
					<e>0.0266667</e>
					<e>0.0266667</e>
					<e>0.0266667</e>
					<e>0.0266667</e>
					<e>0.0266667</e>
					<e>0.02</e>
					<e>0.02</e>
					<e>0.02</e>
					<e>0.02</e>
					<e>0.02</e>
					<e>0.0133333</e>
					<e>0.0133333</e>
					<e>0.0133333</e>
					<e>0.0133333</e>
					<e>0.0133333</e>
					<e>0.0133333</e>
					<e>0.0133333</e>
					<e>0.0133333</e>
					<e>0.0133333</e>
					<e>0.0133333</e>
					<e>0.0133333</e>
					<e>0.0133333</e>
					<e>0.0133333</e>
					<e>0.0133333</e>
					<e>0.0133333</e>
					<e>0.0133333</e>
					<e>0.0133333</e>
					<e>0.0133333</e>
					<e>0.0133333</e>
					<e>0.0133333</e>
					<e>0.0133333</e>
					<e>0.0133333</e>
					<e>0.0133333</e>
					<e>0.0133333</e>
					<e>0.0133333</e>
					<e>0.0133333</e>
					<e>0.0133333</e>
					<e>0.0133333</e>
					<e>0.0133333</e>
					<e>0.0133333</e>
					<e>0.0133333</e>
					<e>0.0133333</e>
					<e>0.0133333</e>
					<e>0.0133333</e>
					<e>0.0133333</e>
					<e>0.0133333</e>
					<e>0.0133333</e>
					<e>0.0133333</e>
					<e>0.0133333</e>
					<e>0.0133333</e>
					<e>0.0133333</e>
					<e>0.0133333</e>
					<e>0.0133333</e>
					<e>0.0133333</e>
					<e>0.0133333</e>
					<e>0.0133333</e>
					<e>0.0133333</e>
					<e>0.0133333</e>
					<e>0.0133333</e>
					<e>0.0133333</e>
					<e>0.0133333</e>
					<e>0.0133333</e>
					<e>0.0133333</e>
					<e>0.0133333</e>
					<e>0.0133333</e>
					<e>0.0133333</e>
					<e>0.0133333</e>
					<e>0.0133333</e>
					<e>0.0133333</e>
					<e>0.0133333</e>
					<e>0.0133333</e>
					<e>0.0133333</e>
					<e>0.0133333</e>
				</best_training_error>
				<average_training_error>
					<e>0.674867</e>
					<e>0.570967</e>
					<e>0.502333</e>
					<e>0.417</e>
					<e>0.3604</e>
					<e>0.3244</e>
					<e>0.309767</e>
					<e>0.2979</e>
					<e>0.287967</e>
					<e>0.279933</e>
					<e>0.2625</e>
					<e>0.241467</e>
					<e>0.2178</e>
					<e>0.1903</e>
					<e>0.156767</e>
					<e>0.1262</e>
					<e>0.0976667</e>
					<e>0.0777667</e>
					<e>0.0678333</e>
					<e>0.0599333</e>
					<e>0.0516</e>
					<e>0.0481667</e>
					<e>0.0458667</e>
					<e>0.0440333</e>
					<e>0.0429333</e>
					<e>0.0412333</e>
					<e>0.0396</e>
					<e>0.0378667</e>
					<e>0.0351667</e>
					<e>0.0339333</e>
					<e>0.0322667</e>
					<e>0.0315</e>
					<e>0.0300333</e>
					<e>0.0296333</e>
					<e>0.0293333</e>
					<e>0.0288333</e>
					<e>0.0278</e>
					<e>0.0261667</e>
					<e>0.0244</e>
					<e>0.0221333</e>
					<e>0.0195333</e>
					<e>0.0167</e>
					<e>0.0150667</e>
					<e>0.0137333</e>
					<e>0.0133333</e>
					<e>0.0133333</e>
					<e>0.0133333</e>
					<e>0.0133333</e>
					<e>0.0133333</e>
					<e>0.0133333</e>
					<e>0.0133333</e>
					<e>0.0133333</e>
					<e>0.0133333</e>
					<e>0.0133333</e>
					<e>0.0133333</e>
					<e>0.0133333</e>
					<e>0.0133333</e>
					<e>0.0133333</e>
					<e>0.0133333</e>
					<e>0.0133333</e>
					<e>0.0133333</e>
					<e>0.0133333</e>
					<e>0.0133333</e>
					<e>0.0133333</e>
					<e>0.0133333</e>
					<e>0.0133333</e>
					<e>0.0133333</e>
					<e>0.0133333</e>
					<e>0.0133333</e>
					<e>0.0133333</e>
					<e>0.0133333</e>
					<e>0.0133333</e>
					<e>0.0133333</e>
					<e>0.0133333</e>
					<e>0.0133333</e>
					<e>0.0133333</e>
					<e>0.0133333</e>
					<e>0.0133333</e>
					<e>0.0133333</e>
					<e>0.0133333</e>
					<e>0.0133333</e>
					<e>0.0133333</e>
					<e>0.0133333</e>
					<e>0.0133333</e>
					<e>0.0133333</e>
					<e>0.0133333</e>
					<e>0.0133333</e>
					<e>0.0133333</e>
					<e>0.0133333</e>
					<e>0.0133333</e>
					<e>0.0133333</e>
					<e>0.0133333</e>
					<e>0.0133333</e>
					<e>0.0133333</e>
					<e>0.0133333</e>
					<e>0.0133333</e>
					<e>0.0133333</e>
					<e>0.0133333</e>
					<e>0.0133333</e>
					<e>0.0133333</e>
				</average_training_error>
				<best_validation_error>-1</best_validation_error>
				<test_error>-1</test_error>
				<last_generation>99</last_generation>
				<program>
					<code_length>50</code_length>
					<num_variables>4</num_variables>
					<code>
						<i>3</i>
						<i>2</i>
						<i>6</i>
						<i>1</i>
						<i>1</i>
						<i>-3 0 3 4 1</i>
						<i>8</i>
						<i>-4 1 6 3 3</i>
						<i>1</i>
						<i>-25 2 2 0 2</i>
						<i>-1 5 3 6 5</i>
						<i>4</i>
						<i>5</i>
						<i>0</i>
						<i>0</i>
						<i>2</i>
						<i>1</i>
						<i>-26 8 10 4 15</i>
						<i>-25 11 2 0 3</i>
						<i>-25 14 17 12 9</i>
						<i>-1 19 0 6 2</i>
						<i>3</i>
						<i>2</i>
						<i>-3 14 11 17 1</i>
						<i>3</i>
						<i>0</i>
						<i>-3 2 10 18 23</i>
						<i>-26 16 24 16 5</i>
						<i>3</i>
						<i>-25 26 6 9 24</i>
						<i>-25 23 4 4 24</i>
						<i>-2 26 19 25 27</i>
						<i>-1 11 8 3 12</i>
						<i>-2 12 5 16 5</i>
						<i>-2 19 18 13 18</i>
						<i>-3 6 20 3 20</i>
						<i>3</i>
						<i>-2 0 30 19 15</i>
						<i>-3 0 15 25 4</i>
						<i>-4 6 1 27 23</i>
						<i>0</i>
						<i>0</i>
						<i>-2 2 5 32 38</i>
						<i>-1 6 21 25 36</i>
						<i>-26 22 11 19 38</i>
						<i>-4 14 21 22 7</i>
						<i>0</i>
						<i>3</i>
						<i>-4 10 8 4 6</i>
						<i>-1 25 20 16 34</i>
					</code>
					<best>-1</best>
					<error>0.0133333</error>
					<binary_classification_threshold>0</binary_classification_threshold>
					<num_constants>5</num_constants>
					<constants>0.537217 -0.420392 -0.534227 -0.76176 -0.91229 </constants>
				</program>
			</run>
			<run>
				<running_time>0</running_time>
				<best_training_error>
					<e>0.26</e>
					<e>0.26</e>
					<e>0.26</e>
					<e>0.113333</e>
					<e>0.113333</e>
					<e>0.113333</e>
					<e>0.113333</e>
					<e>0.0933333</e>
					<e>0.0466667</e>
					<e>0.0466667</e>
					<e>0.0466667</e>
					<e>0.0466667</e>
					<e>0.0466667</e>
					<e>0.0466667</e>
					<e>0.0466667</e>
					<e>0.0466667</e>
					<e>0.0466667</e>
					<e>0.0466667</e>
					<e>0.0466667</e>
					<e>0.0466667</e>
					<e>0.0466667</e>
					<e>0.0466667</e>
					<e>0.0466667</e>
					<e>0.0466667</e>
					<e>0.0466667</e>
					<e>0.0466667</e>
					<e>0.0466667</e>
					<e>0.0466667</e>
					<e>0.0466667</e>
					<e>0.0466667</e>
					<e>0.0466667</e>
					<e>0.0466667</e>
					<e>0.0466667</e>
					<e>0.0466667</e>
					<e>0.0466667</e>
					<e>0.0466667</e>
					<e>0.0466667</e>
					<e>0.0466667</e>
					<e>0.0466667</e>
					<e>0.0466667</e>
					<e>0.0466667</e>
					<e>0.0466667</e>
					<e>0.0466667</e>
					<e>0.0466667</e>
					<e>0.0466667</e>
					<e>0.0466667</e>
					<e>0.0466667</e>
					<e>0.0466667</e>
					<e>0.0466667</e>
					<e>0.0466667</e>
					<e>0.0466667</e>
					<e>0.0466667</e>
					<e>0.0466667</e>
					<e>0.0466667</e>
					<e>0.0466667</e>
					<e>0.0466667</e>
					<e>0.0466667</e>
					<e>0.0466667</e>
					<e>0.0466667</e>
					<e>0.0466667</e>
					<e>0.0466667</e>
					<e>0.0466667</e>
					<e>0.0466667</e>
					<e>0.0466667</e>
					<e>0.0466667</e>
					<e>0.0466667</e>
					<e>0.0466667</e>
					<e>0.0466667</e>
					<e>0.0466667</e>
					<e>0.0466667</e>
					<e>0.0466667</e>
					<e>0.0466667</e>
					<e>0.0466667</e>
					<e>0.0466667</e>
					<e>0.0466667</e>
					<e>0.0466667</e>
					<e>0.0466667</e>
					<e>0.0466667</e>
					<e>0.0466667</e>
					<e>0.0466667</e>
					<e>0.0466667</e>
					<e>0.0466667</e>
					<e>0.0466667</e>
					<e>0.0466667</e>
					<e>0.0466667</e>
					<e>0.0466667</e>
					<e>0.0466667</e>
					<e>0.0466667</e>
					<e>0.0466667</e>
					<e>0.0466667</e>
					<e>0.0466667</e>
					<e>0.0466667</e>
					<e>0.0466667</e>
					<e>0.0466667</e>
					<e>0.0466667</e>
					<e>0.0466667</e>
					<e>0.0466667</e>
					<e>0.0466667</e>
					<e>0.0466667</e>
					<e>0.0466667</e>
				</best_training_error>
				<average_training_error>
					<e>0.677233</e>
					<e>0.586733</e>
					<e>0.521133</e>
					<e>0.4469</e>
					<e>0.391533</e>
					<e>0.350033</e>
					<e>0.3298</e>
					<e>0.324767</e>
					<e>0.319767</e>
					<e>0.3169</e>
					<e>0.308667</e>
					<e>0.304933</e>
					<e>0.293233</e>
					<e>0.269667</e>
					<e>0.235767</e>
					<e>0.204467</e>
					<e>0.1972</e>
					<e>0.187867</e>
					<e>0.1761</e>
					<e>0.1522</e>
					<e>0.124333</e>
					<e>0.0953333</e>
					<e>0.0930667</e>
					<e>0.0930667</e>
					<e>0.0930667</e>
					<e>0.0930667</e>
					<e>0.0930667</e>
					<e>0.0930667</e>
					<e>0.0930667</e>
					<e>0.0930667</e>
					<e>0.0930667</e>
					<e>0.0930667</e>
					<e>0.0930667</e>
					<e>0.0930667</e>
					<e>0.0930667</e>
					<e>0.0930667</e>
					<e>0.0930667</e>
					<e>0.0930667</e>
					<e>0.0930667</e>
					<e>0.0930667</e>
					<e>0.0930667</e>
					<e>0.0930667</e>
					<e>0.0930667</e>
					<e>0.0930667</e>
					<e>0.0930667</e>
					<e>0.0930667</e>
					<e>0.0930667</e>
					<e>0.0930667</e>
					<e>0.0930667</e>
					<e>0.0930667</e>
					<e>0.0930667</e>
					<e>0.0930667</e>
					<e>0.0930667</e>
					<e>0.0930667</e>
					<e>0.0930667</e>
					<e>0.0930667</e>
					<e>0.0930667</e>
					<e>0.0930667</e>
					<e>0.0930667</e>
					<e>0.0930667</e>
					<e>0.0930667</e>
					<e>0.0930667</e>
					<e>0.0930667</e>
					<e>0.0930667</e>
					<e>0.0930667</e>
					<e>0.0930667</e>
					<e>0.0930667</e>
					<e>0.0930667</e>
					<e>0.0930667</e>
					<e>0.0930667</e>
					<e>0.0930667</e>
					<e>0.0930667</e>
					<e>0.0930667</e>
					<e>0.0930667</e>
					<e>0.0930667</e>
					<e>0.0930667</e>
					<e>0.0930667</e>
					<e>0.0930667</e>
					<e>0.0930667</e>
					<e>0.0930667</e>
					<e>0.0930667</e>
					<e>0.0930667</e>
					<e>0.0930667</e>
					<e>0.0930667</e>
					<e>0.0930667</e>
					<e>0.0930667</e>
					<e>0.0930667</e>
					<e>0.0930667</e>
					<e>0.0930667</e>
					<e>0.0930667</e>
					<e>0.0930667</e>
					<e>0.0930667</e>
					<e>0.0930667</e>
					<e>0.0930667</e>
					<e>0.0930667</e>
					<e>0.0930667</e>
					<e>0.0930667</e>
					<e>0.0930667</e>
					<e>0.0930667</e>
					<e>0.0930667</e>
				</average_training_error>
				<best_validation_error>-1</best_validation_error>
				<test_error>-1</test_error>
				<last_generation>99</last_generation>
				<program>
					<code_length>50</code_length>
					<num_variables>4</num_variables>
					<code>
						<i>0</i>
						<i>4</i>
						<i>3</i>
						<i>2</i>
						<i>-1 2 3 1 0</i>
						<i>2</i>
						<i>-4 0 5 4 5</i>
						<i>0</i>
						<i>3</i>
						<i>0</i>
						<i>-2 1 9 1 5</i>
						<i>-3 1 10 1 6</i>
						<i>-26 11 8 3 7</i>
						<i>-26 8 3 10 7</i>
						<i>2</i>
						<i>2</i>
						<i>3</i>
						<i>-25 4 15 16 11</i>
						<i>-1 1 14 0 14</i>
						<i>1</i>
						<i>2</i>
						<i>-1 2 20 9 13</i>
						<i>-25 15 1 16 4</i>
						<i>-25 16 10 22 4</i>
						<i>3</i>
						<i>-1 19 14 11 10</i>
						<i>1</i>
						<i>-26 22 2 11 15</i>
						<i>-4 3 4 16 10</i>
						<i>8</i>
						<i>3</i>
						<i>2</i>
						<i>1</i>
						<i>1</i>
						<i>-1 13 2 12 14</i>
						<i>1</i>
						<i>-1 3 26 23 0</i>
						<i>0</i>
						<i>-25 9 4 19 12</i>
						<i>-2 36 9 1 37</i>
						<i>1</i>
						<i>-3 5 8 13 40</i>
						<i>-2 40 31 28 22</i>
						<i>1</i>
						<i>0</i>
						<i>-3 15 42 43 41</i>
						<i>6</i>
						<i>3</i>
						<i>-3 42 25 33 44</i>
						<i>3</i>
					</code>
					<best>-1</best>
					<error>0.0466667</error>
					<binary_classification_threshold>0</binary_classification_threshold>
					<num_constants>5</num_constants>
					<constants>-0.41905 0.0464797 -0.145543 0.968505 0.558824 </constants>
				</program>
			</run>
			<run>
				<running_time>1</running_time>
				<best_training_error>
					<e>0.32</e>
					<e>0.193333</e>
					<e>0.193333</e>
					<e>0.193333</e>
					<e>0.193333</e>
					<e>0.1</e>
					<e>0.04</e>
					<e>0.04</e>
					<e>0.04</e>
					<e>0.04</e>
					<e>0.0333333</e>
					<e>0.0333333</e>
					<e>0.0333333</e>
					<e>0.0333333</e>
					<e>0.0333333</e>
					<e>0.0333333</e>
					<e>0.0333333</e>
					<e>0.0333333</e>
					<e>0.0333333</e>
					<e>0.0333333</e>
					<e>0.0333333</e>
					<e>0.0333333</e>
					<e>0.0333333</e>
					<e>0.0333333</e>
					<e>0.0333333</e>
					<e>0.0333333</e>
					<e>0.0333333</e>
					<e>0.0333333</e>
					<e>0.0333333</e>
					<e>0.0333333</e>
					<e>0.0333333</e>
					<e>0.0333333</e>
					<e>0.0333333</e>
					<e>0.0333333</e>
					<e>0.0333333</e>
					<e>0.0333333</e>
					<e>0.0333333</e>
					<e>0.0333333</e>
					<e>0.0333333</e>
					<e>0.0333333</e>
					<e>0.0333333</e>
					<e>0.0333333</e>
					<e>0.0333333</e>
					<e>0.0333333</e>
					<e>0.0333333</e>
					<e>0.0333333</e>
					<e>0.0333333</e>
					<e>0.0333333</e>
					<e>0.0333333</e>
					<e>0.0333333</e>
					<e>0.0333333</e>
					<e>0.0333333</e>
					<e>0.0333333</e>
					<e>0.0333333</e>
					<e>0.0333333</e>
					<e>0.0333333</e>
					<e>0.0333333</e>
					<e>0.0333333</e>
					<e>0.0333333</e>
					<e>0.0333333</e>
					<e>0.0333333</e>
					<e>0.0333333</e>
					<e>0.0333333</e>
					<e>0.0333333</e>
					<e>0.0333333</e>
					<e>0.0333333</e>
					<e>0.0333333</e>
					<e>0.0333333</e>
					<e>0.0333333</e>
					<e>0.0333333</e>
					<e>0.0333333</e>
					<e>0.0333333</e>
					<e>0.0333333</e>
					<e>0.0333333</e>
					<e>0.0333333</e>
					<e>0.0333333</e>
					<e>0.0333333</e>
					<e>0.0333333</e>
					<e>0.0333333</e>
					<e>0.0333333</e>
					<e>0.0333333</e>
					<e>0.0333333</e>
					<e>0.0333333</e>
					<e>0.0333333</e>
					<e>0.0333333</e>
					<e>0.0333333</e>
					<e>0.0333333</e>
					<e>0.0333333</e>
					<e>0.0333333</e>
					<e>0.0333333</e>
					<e>0.0333333</e>
					<e>0.0333333</e>
					<e>0.0333333</e>
					<e>0.0333333</e>
					<e>0.0333333</e>
					<e>0.0333333</e>
					<e>0.0333333</e>
					<e>0.0333333</e>
					<e>0.0333333</e>
					<e>0.0333333</e>
				</best_training_error>
				<average_training_error>
					<e>0.664467</e>
					<e>0.564133</e>
					<e>0.505567</e>
					<e>0.425067</e>
					<e>0.366833</e>
					<e>0.338067</e>
					<e>0.326067</e>
					<e>0.324033</e>
					<e>0.321533</e>
					<e>0.319333</e>
					<e>0.312467</e>
					<e>0.307733</e>
					<e>0.3</e>
					<e>0.2878</e>
					<e>0.2704</e>
					<e>0.242467</e>
					<e>0.214567</e>
					<e>0.1688</e>
					<e>0.122067</e>
					<e>0.0837</e>
					<e>0.0533</e>
					<e>0.0402333</e>
					<e>0.0396</e>
					<e>0.0395333</e>
					<e>0.0393333</e>
					<e>0.039</e>
					<e>0.0382667</e>
					<e>0.0375333</e>
					<e>0.0364667</e>
					<e>0.0346</e>
					<e>0.0333333</e>
					<e>0.0333333</e>
					<e>0.0333333</e>
					<e>0.0333333</e>
					<e>0.0333333</e>
					<e>0.0333333</e>
					<e>0.0333333</e>
					<e>0.0333333</e>
					<e>0.0333333</e>
					<e>0.0333333</e>
					<e>0.0333333</e>
					<e>0.0333333</e>
					<e>0.0333333</e>
					<e>0.0333333</e>
					<e>0.0333333</e>
					<e>0.0333333</e>
					<e>0.0333333</e>
					<e>0.0333333</e>
					<e>0.0333333</e>
					<e>0.0333333</e>
					<e>0.0333333</e>
					<e>0.0333333</e>
					<e>0.0333333</e>
					<e>0.0333333</e>
					<e>0.0333333</e>
					<e>0.0333333</e>
					<e>0.0333333</e>
					<e>0.0333333</e>
					<e>0.0333333</e>
					<e>0.0333333</e>
					<e>0.0333333</e>
					<e>0.0333333</e>
					<e>0.0333333</e>
					<e>0.0333333</e>
					<e>0.0333333</e>
					<e>0.0333333</e>
					<e>0.0333333</e>
					<e>0.0333333</e>
					<e>0.0333333</e>
					<e>0.0333333</e>
					<e>0.0333333</e>
					<e>0.0333333</e>
					<e>0.0333333</e>
					<e>0.0333333</e>
					<e>0.0333333</e>
					<e>0.0333333</e>
					<e>0.0333333</e>
					<e>0.0333333</e>
					<e>0.0333333</e>
					<e>0.0333333</e>
					<e>0.0333333</e>
					<e>0.0333333</e>
					<e>0.0333333</e>
					<e>0.0333333</e>
					<e>0.0333333</e>
					<e>0.0333333</e>
					<e>0.0333333</e>
					<e>0.0333333</e>
					<e>0.0333333</e>
					<e>0.0333333</e>
					<e>0.0333333</e>
					<e>0.0333333</e>
					<e>0.0333333</e>
					<e>0.0333333</e>
					<e>0.0333333</e>
					<e>0.0333333</e>
					<e>0.0333333</e>
					<e>0.0333333</e>
					<e>0.0333333</e>
					<e>0.0333333</e>
				</average_training_error>
				<best_validation_error>-1</best_validation_error>
				<test_error>-1</test_error>
				<last_generation>99</last_generation>
				<program>
					<code_length>50</code_length>
					<num_variables>4</num_variables>
					<code>
						<i>3</i>
						<i>-3 0 0 0 0</i>
						<i>-3 1 0 1 0</i>
						<i>-2 1 2 2 0</i>
						<i>7</i>
						<i>1</i>
						<i>-26 1 4 4 1</i>
						<i>-1 2 6 3 2</i>
						<i>2</i>
						<i>0</i>
						<i>-25 3 2 0 6</i>
						<i>2</i>
						<i>-25 9 1 9 10</i>
						<i>-1 3 4 11 0</i>
						<i>-1 5 11 2 10</i>
						<i>7</i>
						<i>-4 5 9 15 6</i>
						<i>1</i>
						<i>-2 16 11 8 5</i>
						<i>-26 1 5 11 16</i>
						<i>-4 7 19 19 12</i>
						<i>3</i>
						<i>-1 19 11 21 1</i>
						<i>7</i>
						<i>2</i>
						<i>-3 0 10 20 13</i>
						<i>-26 11 12 18 21</i>
						<i>-26 8 19 23 5</i>
						<i>-2 16 23 17 1</i>
						<i>5</i>
						<i>5</i>
						<i>4</i>
						<i>-26 4 17 14 28</i>
						<i>2</i>
						<i>-1 10 28 25 4</i>
						<i>2</i>
						<i>2</i>
						<i>0</i>
						<i>-2 2 8 8 29</i>
						<i>2</i>
						<i>-2 11 24 8 1</i>
						<i>0</i>
						<i>-1 38 37 9 8</i>
						<i>2</i>
						<i>3</i>
						<i>-4 43 2 44 6</i>
						<i>0</i>
						<i>-4 6 38 37 22</i>
						<i>-1 12 13 29 21</i>
						<i>-2 28 44 36 30</i>
					</code>
					<best>-1</best>
					<error>0.0333333</error>
					<binary_classification_threshold>0</binary_classification_threshold>
					<num_constants>5</num_constants>
					<constants>0.462874 0.951415 0.571215 0.186682 -0.277322 </constants>
				</program>
			</run>
			<run>
				<running_time>0</running_time>
				<best_training_error>
					<e>0.28</e>
					<e>0.166667</e>
					<e>0.166667</e>
					<e>0.0666667</e>
					<e>0.0666667</e>
					<e>0.04</e>
					<e>0.04</e>
					<e>0.04</e>
					<e>0.04</e>
					<e>0.04</e>
					<e>0.04</e>
					<e>0.04</e>
					<e>0.04</e>
					<e>0.04</e>
					<e>0.0333333</e>
					<e>0.0266667</e>
					<e>0.0266667</e>
					<e>0.0266667</e>
					<e>0.0266667</e>
					<e>0.0266667</e>
					<e>0.0266667</e>
					<e>0.0266667</e>
					<e>0.0266667</e>
					<e>0.0266667</e>
					<e>0.0266667</e>
					<e>0.0266667</e>
					<e>0.0266667</e>
					<e>0.0266667</e>
					<e>0.0266667</e>
					<e>0.0266667</e>
					<e>0.0266667</e>
					<e>0.0266667</e>
					<e>0.0266667</e>
					<e>0.0266667</e>
					<e>0.0266667</e>
					<e>0.0266667</e>
					<e>0.0266667</e>
					<e>0.0266667</e>
					<e>0.0266667</e>
					<e>0.0266667</e>
					<e>0.0266667</e>
					<e>0.0266667</e>
					<e>0.0266667</e>
					<e>0.0266667</e>
					<e>0.0266667</e>
					<e>0.0266667</e>
					<e>0.0266667</e>
					<e>0.0266667</e>
					<e>0.0266667</e>
					<e>0.0266667</e>
					<e>0.0266667</e>
					<e>0.0266667</e>
					<e>0.0266667</e>
					<e>0.0266667</e>
					<e>0.0266667</e>
					<e>0.0266667</e>
					<e>0.0266667</e>
					<e>0.0266667</e>
					<e>0.0266667</e>
					<e>0.0266667</e>
					<e>0.0266667</e>
					<e>0.0266667</e>
					<e>0.0266667</e>
					<e>0.0266667</e>
					<e>0.0266667</e>
					<e>0.0266667</e>
					<e>0.0266667</e>
					<e>0.0266667</e>
					<e>0.0266667</e>
					<e>0.0266667</e>
					<e>0.0266667</e>
					<e>0.0266667</e>
					<e>0.0266667</e>
					<e>0.0266667</e>
					<e>0.0266667</e>
					<e>0.0266667</e>
					<e>0.0266667</e>
					<e>0.0266667</e>
					<e>0.0266667</e>
					<e>0.0266667</e>
					<e>0.0266667</e>
					<e>0.0266667</e>
					<e>0.0266667</e>
					<e>0.0266667</e>
					<e>0.0266667</e>
					<e>0.0266667</e>
					<e>0.0266667</e>
					<e>0.0266667</e>
					<e>0.0266667</e>
					<e>0.0266667</e>
					<e>0.0266667</e>
					<e>0.0266667</e>
					<e>0.0266667</e>
					<e>0.0266667</e>
					<e>0.0266667</e>
					<e>0.0266667</e>
					<e>0.0266667</e>
					<e>0.0266667</e>
					<e>0.0266667</e>
					<e>0.0266667</e>
				</best_training_error>
				<average_training_error>
					<e>0.650067</e>
					<e>0.569067</e>
					<e>0.505933</e>
					<e>0.421833</e>
					<e>0.365167</e>
					<e>0.331067</e>
					<e>0.319733</e>
					<e>0.315</e>
					<e>0.3055</e>
					<e>0.2959</e>
					<e>0.2829</e>
					<e>0.27</e>
					<e>0.2562</e>
					<e>0.228</e>
					<e>0.2035</e>
					<e>0.174667</e>
					<e>0.147333</e>
					<e>0.124667</e>
					<e>0.103067</e>
					<e>0.0883333</e>
					<e>0.0749667</e>
					<e>0.0632667</e>
					<e>0.0520667</e>
					<e>0.0437667</e>
					<e>0.0407667</e>
					<e>0.0384333</e>
					<e>0.0351667</e>
					<e>0.0324</e>
					<e>0.0288667</e>
					<e>0.0267</e>
					<e>0.0266667</e>
					<e>0.0266667</e>
					<e>0.0266667</e>
					<e>0.0266667</e>
					<e>0.0266667</e>
					<e>0.0266667</e>
					<e>0.0266667</e>
					<e>0.0266667</e>
					<e>0.0266667</e>
					<e>0.0266667</e>
					<e>0.0266667</e>
					<e>0.0266667</e>
					<e>0.0266667</e>
					<e>0.0266667</e>
					<e>0.0266667</e>
					<e>0.0266667</e>
					<e>0.0266667</e>
					<e>0.0266667</e>
					<e>0.0266667</e>
					<e>0.0266667</e>
					<e>0.0266667</e>
					<e>0.0266667</e>
					<e>0.0266667</e>
					<e>0.0266667</e>
					<e>0.0266667</e>
					<e>0.0266667</e>
					<e>0.0266667</e>
					<e>0.0266667</e>
					<e>0.0266667</e>
					<e>0.0266667</e>
					<e>0.0266667</e>
					<e>0.0266667</e>
					<e>0.0266667</e>
					<e>0.0266667</e>
					<e>0.0266667</e>
					<e>0.0266667</e>
					<e>0.0266667</e>
					<e>0.0266667</e>
					<e>0.0266667</e>
					<e>0.0266667</e>
					<e>0.0266667</e>
					<e>0.0266667</e>
					<e>0.0266667</e>
					<e>0.0266667</e>
					<e>0.0266667</e>
					<e>0.0266667</e>
					<e>0.0266667</e>
					<e>0.0266667</e>
					<e>0.0266667</e>
					<e>0.0266667</e>
					<e>0.0266667</e>
					<e>0.0266667</e>
					<e>0.0266667</e>
					<e>0.0266667</e>
					<e>0.0266667</e>
					<e>0.0266667</e>
					<e>0.0266667</e>
					<e>0.0266667</e>
					<e>0.0266667</e>
					<e>0.0266667</e>
					<e>0.0266667</e>
					<e>0.0266667</e>
					<e>0.0266667</e>
					<e>0.0266667</e>
					<e>0.0266667</e>
					<e>0.0266667</e>
					<e>0.0266667</e>
					<e>0.0266667</e>
					<e>0.0266667</e>
					<e>0.0266667</e>
				</average_training_error>
				<best_validation_error>-1</best_validation_error>
				<test_error>-1</test_error>
				<last_generation>99</last_generation>
				<program>
					<code_length>50</code_length>
					<num_variables>4</num_variables>
					<code>
						<i>3</i>
						<i>0</i>
						<i>-4 1 1 1 1</i>
						<i>6</i>
						<i>3</i>
						<i>2</i>
						<i>-3 5 2 5 3</i>
						<i>-1 6 2 0 3</i>
						<i>7</i>
						<i>1</i>
						<i>-26 0 1 6 1</i>
						<i>-3 6 0 8 4</i>
						<i>3</i>
						<i>2</i>
						<i>2</i>
						<i>-3 10 4 9 5</i>
						<i>-4 15 14 2 0</i>
						<i>1</i>
						<i>3</i>
						<i>1</i>
						<i>-4 16 12 15 8</i>
						<i>1</i>
						<i>4</i>
						<i>-2 11 12 8 22</i>
						<i>-1 21 22 0 16</i>
						<i>3</i>
						<i>-1 11 8 16 9</i>
						<i>-4 19 11 24 21</i>
						<i>0</i>
						<i>7</i>
						<i>-4 14 7 20 16</i>
						<i>0</i>
						<i>8</i>
						<i>0</i>
						<i>2</i>
						<i>3</i>
						<i>1</i>
						<i>0</i>
						<i>1</i>
						<i>-1 22 14 9 27</i>
						<i>6</i>
						<i>-4 5 0 12 19</i>
						<i>1</i>
						<i>-4 3 30 8 3</i>
						<i>-3 12 34 31 16</i>
						<i>3</i>
						<i>2</i>
						<i>1</i>
						<i>-4 47 18 38 17</i>
						<i>-1 18 28 33 27</i>
					</code>
					<best>-1</best>
					<error>0.0266667</error>
					<binary_classification_threshold>0</binary_classification_threshold>
					<num_constants>5</num_constants>
					<constants>-0.330119 0.532945 0.323344 -0.78515 0.548021 </constants>
				</program>
			</run>
			<run>
				<running_time>1</running_time>
				<best_training_error>
					<e>0.106667</e>
					<e>0.106667</e>
					<e>0.106667</e>
					<e>0.106667</e>
					<e>0.0866667</e>
					<e>0.0866667</e>
					<e>0.0533333</e>
					<e>0.0533333</e>
					<e>0.0533333</e>
					<e>0.0533333</e>
					<e>0.04</e>
					<e>0.04</e>
					<e>0.04</e>
					<e>0.04</e>
					<e>0.0266667</e>
					<e>0.0266667</e>
					<e>0.0266667</e>
					<e>0.0266667</e>
					<e>0.0266667</e>
					<e>0.0266667</e>
					<e>0.0266667</e>
					<e>0.0266667</e>
					<e>0.0266667</e>
					<e>0.0266667</e>
					<e>0.0266667</e>
					<e>0.0266667</e>
					<e>0.0266667</e>
					<e>0.0266667</e>
					<e>0.0266667</e>
					<e>0.0266667</e>
					<e>0.0266667</e>
					<e>0.0266667</e>
					<e>0.0266667</e>
					<e>0.0266667</e>
					<e>0.0266667</e>
					<e>0.0266667</e>
					<e>0.0266667</e>
					<e>0.0266667</e>
					<e>0.0266667</e>
					<e>0.0266667</e>
					<e>0.0266667</e>
					<e>0.0266667</e>
					<e>0.0266667</e>
					<e>0.0266667</e>
					<e>0.0266667</e>
					<e>0.0266667</e>
					<e>0.0266667</e>
					<e>0.0266667</e>
					<e>0.0266667</e>
					<e>0.0266667</e>
					<e>0.0266667</e>
					<e>0.0266667</e>
					<e>0.0266667</e>
					<e>0.0266667</e>
					<e>0.0266667</e>
					<e>0.0266667</e>
					<e>0.0266667</e>
					<e>0.0266667</e>
					<e>0.0266667</e>
					<e>0.0266667</e>
					<e>0.0266667</e>
					<e>0.0266667</e>
					<e>0.0266667</e>
					<e>0.0266667</e>
					<e>0.0266667</e>
					<e>0.0266667</e>
					<e>0.0266667</e>
					<e>0.0266667</e>
					<e>0.0266667</e>
					<e>0.0266667</e>
					<e>0.0266667</e>
					<e>0.0266667</e>
					<e>0.0266667</e>
					<e>0.0266667</e>
					<e>0.0266667</e>
					<e>0.0266667</e>
					<e>0.0266667</e>
					<e>0.0266667</e>
					<e>0.0266667</e>
					<e>0.0266667</e>
					<e>0.0266667</e>
					<e>0.0266667</e>
					<e>0.0266667</e>
					<e>0.0266667</e>
					<e>0.0266667</e>
					<e>0.0266667</e>
					<e>0.0266667</e>
					<e>0.0266667</e>
					<e>0.0266667</e>
					<e>0.0266667</e>
					<e>0.0266667</e>
					<e>0.0266667</e>
					<e>0.0266667</e>
					<e>0.0266667</e>
					<e>0.0266667</e>
					<e>0.0266667</e>
					<e>0.0266667</e>
					<e>0.0266667</e>
					<e>0.0266667</e>
					<e>0.0266667</e>
				</best_training_error>
				<average_training_error>
					<e>0.665967</e>
					<e>0.580667</e>
					<e>0.5207</e>
					<e>0.455767</e>
					<e>0.379333</e>
					<e>0.340633</e>
					<e>0.3233</e>
					<e>0.317233</e>
					<e>0.3108</e>
					<e>0.300133</e>
					<e>0.281033</e>
					<e>0.2533</e>
					<e>0.226933</e>
					<e>0.201233</e>
					<e>0.1903</e>
					<e>0.1726</e>
					<e>0.157067</e>
					<e>0.137633</e>
					<e>0.111067</e>
					<e>0.0897667</e>
					<e>0.0721333</e>
					<e>0.0569667</e>
					<e>0.0472</e>
					<e>0.0373667</e>
					<e>0.0335667</e>
					<e>0.0304667</e>
					<e>0.0284333</e>
					<e>0.0273667</e>
					<e>0.0266667</e>
					<e>0.0266667</e>
					<e>0.0266667</e>
					<e>0.0266667</e>
					<e>0.0266667</e>
					<e>0.0266667</e>
					<e>0.0266667</e>
					<e>0.0266667</e>
					<e>0.0266667</e>
					<e>0.0266667</e>
					<e>0.0266667</e>
					<e>0.0266667</e>
					<e>0.0266667</e>
					<e>0.0266667</e>
					<e>0.0266667</e>
					<e>0.0266667</e>
					<e>0.0266667</e>
					<e>0.0266667</e>
					<e>0.0266667</e>
					<e>0.0266667</e>
					<e>0.0266667</e>
					<e>0.0266667</e>
					<e>0.0266667</e>
					<e>0.0266667</e>
					<e>0.0266667</e>
					<e>0.0266667</e>
					<e>0.0266667</e>
					<e>0.0266667</e>
					<e>0.0266667</e>
					<e>0.0266667</e>
					<e>0.0266667</e>
					<e>0.0266667</e>
					<e>0.0266667</e>
					<e>0.0266667</e>
					<e>0.0266667</e>
					<e>0.0266667</e>
					<e>0.0266667</e>
					<e>0.0266667</e>
					<e>0.0266667</e>
					<e>0.0266667</e>
					<e>0.0266667</e>
					<e>0.0266667</e>
					<e>0.0266667</e>
					<e>0.0266667</e>
					<e>0.0266667</e>
					<e>0.0266667</e>
					<e>0.0266667</e>
					<e>0.0266667</e>
					<e>0.0266667</e>
					<e>0.0266667</e>
					<e>0.0266667</e>
					<e>0.0266667</e>
					<e>0.0266667</e>
					<e>0.0266667</e>
					<e>0.0266667</e>
					<e>0.0266667</e>
					<e>0.0266667</e>
					<e>0.0266667</e>
					<e>0.0266667</e>
					<e>0.0266667</e>
					<e>0.0266667</e>
					<e>0.0266667</e>
					<e>0.0266667</e>
					<e>0.0266667</e>
					<e>0.0266667</e>
					<e>0.0266667</e>
					<e>0.0266667</e>
					<e>0.0266667</e>
					<e>0.0266667</e>
					<e>0.0266667</e>
					<e>0.0266667</e>
					<e>0.0266667</e>
				</average_training_error>
				<best_validation_error>-1</best_validation_error>
				<test_error>-1</test_error>
				<last_generation>99</last_generation>
				<program>
					<code_length>50</code_length>
					<num_variables>4</num_variables>
					<code>
						<i>0</i>
						<i>-26 0 0 0 0</i>
						<i>3</i>
						<i>-4 0 2 1 0</i>
						<i>-1 1 3 0 0</i>
						<i>-2 4 3 4 3</i>
						<i>-2 4 1 1 0</i>
						<i>-26 6 5 6 3</i>
						<i>1</i>
						<i>-1 5 7 7 0</i>
						<i>2</i>
						<i>0</i>
						<i>1</i>
						<i>-1 8 0 8 8</i>
						<i>3</i>
						<i>-2 1 11 5 10</i>
						<i>2</i>
						<i>-2 16 15 9 13</i>
						<i>-2 8 15 11 0</i>
						<i>-2 11 11 5 6</i>
						<i>5</i>
						<i>3</i>
						<i>3</i>
						<i>2</i>
						<i>2</i>
						<i>-1 17 1 7 4</i>
						<i>0</i>
						<i>4</i>
						<i>6</i>
						<i>-1 8 11 23 12</i>
						<i>-1 15 8 21 2</i>
						<i>2</i>
						<i>4</i>
						<i>-3 23 21 24 23</i>
						<i>-3 17 8 31 31</i>
						<i>3</i>
						<i>1</i>
						<i>-26 27 15 0 7</i>
						<i>-4 33 36 21 7</i>
						<i>-4 29 35 1 17</i>
						<i>-1 20 18 35 4</i>
						<i>3</i>
						<i>-2 29 5 41 21</i>
						<i>-1 0 30 11 12</i>
						<i>-3 35 33 30 6</i>
						<i>-2 36 5 15 42</i>
						<i>1</i>
						<i>3</i>
						<i>3</i>
						<i>-1 30 43 29 16</i>
					</code>
					<best>-1</best>
					<error>0.0266667</error>
					<binary_classification_threshold>0</binary_classification_threshold>
					<num_constants>5</num_constants>
					<constants>-0.655873 0.935911 0.0608234 0.492294 0.344603 </constants>
				</program>
			</run>
			<run>
				<running_time>0</running_time>
				<best_training_error>
					<e>0.333333</e>
					<e>0.266667</e>
					<e>0.16</e>
					<e>0.0666667</e>
					<e>0.0666667</e>
					<e>0.0666667</e>
					<e>0.0666667</e>
					<e>0.0466667</e>
					<e>0.0466667</e>
					<e>0.0466667</e>
					<e>0.0466667</e>
					<e>0.0466667</e>
					<e>0.0466667</e>
					<e>0.0466667</e>
					<e>0.0466667</e>
					<e>0.0466667</e>
					<e>0.0466667</e>
					<e>0.0466667</e>
					<e>0.0466667</e>
					<e>0.0466667</e>
					<e>0.0466667</e>
					<e>0.0333333</e>
					<e>0.0333333</e>
					<e>0.0333333</e>
					<e>0.0333333</e>
					<e>0.0333333</e>
					<e>0.0333333</e>
					<e>0.0333333</e>
					<e>0.0333333</e>
					<e>0.0333333</e>
					<e>0.0333333</e>
					<e>0.0333333</e>
					<e>0.0333333</e>
					<e>0.0333333</e>
					<e>0.0333333</e>
					<e>0.0333333</e>
					<e>0.0333333</e>
					<e>0.0333333</e>
					<e>0.0333333</e>
					<e>0.0333333</e>
					<e>0.0333333</e>
					<e>0.0333333</e>
					<e>0.0333333</e>
					<e>0.0333333</e>
					<e>0.0333333</e>
					<e>0.0333333</e>
					<e>0.0333333</e>
					<e>0.0333333</e>
					<e>0.0333333</e>
					<e>0.0333333</e>
					<e>0.0333333</e>
					<e>0.0333333</e>
					<e>0.0333333</e>
					<e>0.0333333</e>
					<e>0.0333333</e>
					<e>0.0333333</e>
					<e>0.0333333</e>
					<e>0.0333333</e>
					<e>0.0333333</e>
					<e>0.0333333</e>
					<e>0.0333333</e>
					<e>0.0333333</e>
					<e>0.0333333</e>
					<e>0.0333333</e>
					<e>0.0333333</e>
					<e>0.0333333</e>
					<e>0.0333333</e>
					<e>0.0333333</e>
					<e>0.0333333</e>
					<e>0.0333333</e>
					<e>0.0333333</e>
					<e>0.0333333</e>
					<e>0.0333333</e>
					<e>0.0333333</e>
					<e>0.0333333</e>
					<e>0.0333333</e>
					<e>0.0333333</e>
					<e>0.0333333</e>
					<e>0.0333333</e>
					<e>0.0333333</e>
					<e>0.0333333</e>
					<e>0.0333333</e>
					<e>0.0333333</e>
					<e>0.0333333</e>
					<e>0.0333333</e>
					<e>0.0333333</e>
					<e>0.0333333</e>
					<e>0.0333333</e>
					<e>0.0333333</e>
					<e>0.0333333</e>
					<e>0.0333333</e>
					<e>0.0333333</e>
					<e>0.0333333</e>
					<e>0.0333333</e>
					<e>0.0333333</e>
					<e>0.0333333</e>
					<e>0.0333333</e>
					<e>0.0333333</e>
					<e>0.0333333</e>
					<e>0.0333333</e>
				</best_training_error>
				<average_training_error>
					<e>0.676333</e>
					<e>0.582133</e>
					<e>0.535267</e>
					<e>0.4779</e>
					<e>0.410433</e>
					<e>0.3591</e>
					<e>0.339333</e>
					<e>0.323333</e>
					<e>0.317633</e>
					<e>0.314767</e>
					<e>0.304767</e>
					<e>0.298633</e>
					<e>0.2846</e>
					<e>0.2698</e>
					<e>0.2539</e>
					<e>0.227467</e>
					<e>0.194733</e>
					<e>0.156333</e>
					<e>0.142467</e>
					<e>0.126033</e>
					<e>0.112067</e>
					<e>0.102467</e>
					<e>0.0941</e>
					<e>0.09</e>
					<e>0.0854667</e>
					<e>0.0813</e>
					<e>0.0748333</e>
					<e>0.0703</e>
					<e>0.0653333</e>
					<e>0.0585</e>
					<e>0.0513333</e>
					<e>0.0447333</e>
					<e>0.0399</e>
					<e>0.0363</e>
					<e>0.0351</e>
					<e>0.0338333</e>
					<e>0.0333333</e>
					<e>0.0333333</e>
					<e>0.0333333</e>
					<e>0.0333333</e>
					<e>0.0333333</e>
					<e>0.0333333</e>
					<e>0.0333333</e>
					<e>0.0333333</e>
					<e>0.0333333</e>
					<e>0.0333333</e>
					<e>0.0333333</e>
					<e>0.0333333</e>
					<e>0.0333333</e>
					<e>0.0333333</e>
					<e>0.0333333</e>
					<e>0.0333333</e>
					<e>0.0333333</e>
					<e>0.0333333</e>
					<e>0.0333333</e>
					<e>0.0333333</e>
					<e>0.0333333</e>
					<e>0.0333333</e>
					<e>0.0333333</e>
					<e>0.0333333</e>
					<e>0.0333333</e>
					<e>0.0333333</e>
					<e>0.0333333</e>
					<e>0.0333333</e>
					<e>0.0333333</e>
					<e>0.0333333</e>
					<e>0.0333333</e>
					<e>0.0333333</e>
					<e>0.0333333</e>
					<e>0.0333333</e>
					<e>0.0333333</e>
					<e>0.0333333</e>
					<e>0.0333333</e>
					<e>0.0333333</e>
					<e>0.0333333</e>
					<e>0.0333333</e>
					<e>0.0333333</e>
					<e>0.0333333</e>
					<e>0.0333333</e>
					<e>0.0333333</e>
					<e>0.0333333</e>
					<e>0.0333333</e>
					<e>0.0333333</e>
					<e>0.0333333</e>
					<e>0.0333333</e>
					<e>0.0333333</e>
					<e>0.0333333</e>
					<e>0.0333333</e>
					<e>0.0333333</e>
					<e>0.0333333</e>
					<e>0.0333333</e>
					<e>0.0333333</e>
					<e>0.0333333</e>
					<e>0.0333333</e>
					<e>0.0333333</e>
					<e>0.0333333</e>
					<e>0.0333333</e>
					<e>0.0333333</e>
					<e>0.0333333</e>
					<e>0.0333333</e>
				</average_training_error>
				<best_validation_error>-1</best_validation_error>
				<test_error>-1</test_error>
				<last_generation>99</last_generation>
				<program>
					<code_length>50</code_length>
					<num_variables>4</num_variables>
					<code>
						<i>3</i>
						<i>-3 0 0 0 0</i>
						<i>-3 1 0 1 1</i>
						<i>2</i>
						<i>1</i>
						<i>1</i>
						<i>3</i>
						<i>-2 4 1 4 5</i>
						<i>-2 5 1 6 4</i>
						<i>-26 3 1 7 4</i>
						<i>0</i>
						<i>-3 1 2 5 6</i>
						<i>-3 10 8 4 5</i>
						<i>8</i>
						<i>4</i>
						<i>-4 9 1 9 5</i>
						<i>6</i>
						<i>-25 9 0 10 8</i>
						<i>-25 8 7 0 4</i>
						<i>-2 15 7 4 3</i>
						<i>1</i>
						<i>0</i>
						<i>2</i>
						<i>-26 11 21 2 8</i>
						<i>-4 12 11 11 14</i>
						<i>-26 12 19 21 11</i>
						<i>-4 3 14 7 21</i>
						<i>-3 25 14 18 5</i>
						<i>-1 0 27 4 15</i>
						<i>2</i>
						<i>6</i>
						<i>0</i>
						<i>-25 17 2 24 8</i>
						<i>-26 8 32 23 11</i>
						<i>-3 5 12 33 13</i>
						<i>-26 8 11 16 2</i>
						<i>1</i>
						<i>-26 31 7 28 11</i>
						<i>5</i>
						<i>2</i>
						<i>-1 4 7 19 13</i>
						<i>3</i>
						<i>7</i>
						<i>-1 20 33 24 22</i>
						<i>2</i>
						<i>0</i>
						<i>-26 5 18 13 1</i>
						<i>1</i>
						<i>-2 32 22 5 24</i>
						<i>1</i>
					</code>
					<best>-1</best>
					<error>0.0333333</error>
					<binary_classification_threshold>0</binary_classification_threshold>
					<num_constants>5</num_constants>
					<constants>-0.996094 0.719413 -0.981017 0.898434 0.576891 </constants>
				</program>
			</run>
			<run>
				<running_time>1</running_time>
				<best_training_error>
					<e>0.333333</e>
					<e>0.333333</e>
					<e>0.286667</e>
					<e>0.22</e>
					<e>0.133333</e>
					<e>0.133333</e>
					<e>0.04</e>
					<e>0.04</e>
					<e>0.04</e>
					<e>0.0333333</e>
					<e>0.0333333</e>
					<e>0.0266667</e>
					<e>0.0266667</e>
					<e>0.0266667</e>
					<e>0.0266667</e>
					<e>0.0266667</e>
					<e>0.0266667</e>
					<e>0.0266667</e>
					<e>0.0266667</e>
					<e>0.0266667</e>
					<e>0.0266667</e>
					<e>0.0266667</e>
					<e>0.0266667</e>
					<e>0.0266667</e>
					<e>0.0266667</e>
					<e>0.0266667</e>
					<e>0.0266667</e>
					<e>0.0266667</e>
					<e>0.0266667</e>
					<e>0.0266667</e>
					<e>0.0266667</e>
					<e>0.0266667</e>
					<e>0.0266667</e>
					<e>0.0266667</e>
					<e>0.0266667</e>
					<e>0.0266667</e>
					<e>0.0266667</e>
					<e>0.0266667</e>
					<e>0.0266667</e>
					<e>0.0266667</e>
					<e>0.0266667</e>
					<e>0.0266667</e>
					<e>0.0266667</e>
					<e>0.0266667</e>
					<e>0.0266667</e>
					<e>0.0266667</e>
					<e>0.0266667</e>
					<e>0.0266667</e>
					<e>0.0266667</e>
					<e>0.0266667</e>
					<e>0.0266667</e>
					<e>0.0266667</e>
					<e>0.0266667</e>
					<e>0.0266667</e>
					<e>0.0266667</e>
					<e>0.0266667</e>
					<e>0.0266667</e>
					<e>0.0266667</e>
					<e>0.0266667</e>
					<e>0.0266667</e>
					<e>0.0266667</e>
					<e>0.0266667</e>
					<e>0.0266667</e>
					<e>0.0266667</e>
					<e>0.0266667</e>
					<e>0.0266667</e>
					<e>0.0266667</e>
					<e>0.0266667</e>
					<e>0.0266667</e>
					<e>0.0266667</e>
					<e>0.0266667</e>
					<e>0.0266667</e>
					<e>0.0266667</e>
					<e>0.0266667</e>
					<e>0.0266667</e>
					<e>0.0266667</e>
					<e>0.0266667</e>
					<e>0.0266667</e>
					<e>0.0266667</e>
					<e>0.0266667</e>
					<e>0.0266667</e>
					<e>0.0266667</e>
					<e>0.0266667</e>
					<e>0.0266667</e>
					<e>0.0266667</e>
					<e>0.0266667</e>
					<e>0.0266667</e>
					<e>0.0266667</e>
					<e>0.0266667</e>
					<e>0.0266667</e>
					<e>0.0266667</e>
					<e>0.0266667</e>
					<e>0.0266667</e>
					<e>0.0266667</e>
					<e>0.0266667</e>
					<e>0.0266667</e>
					<e>0.0266667</e>
					<e>0.0266667</e>
					<e>0.0266667</e>
					<e>0.0266667</e>
				</best_training_error>
				<average_training_error>
					<e>0.653467</e>
					<e>0.574167</e>
					<e>0.525467</e>
					<e>0.4617</e>
					<e>0.383533</e>
					<e>0.344867</e>
					<e>0.3318</e>
					<e>0.320033</e>
					<e>0.311233</e>
					<e>0.295467</e>
					<e>0.278967</e>
					<e>0.258033</e>
					<e>0.238367</e>
					<e>0.216633</e>
					<e>0.201133</e>
					<e>0.189233</e>
					<e>0.181033</e>
					<e>0.172833</e>
					<e>0.156</e>
					<e>0.1468</e>
					<e>0.1268</e>
					<e>0.114433</e>
					<e>0.101233</e>
					<e>0.0866667</e>
					<e>0.0713</e>
					<e>0.0635667</e>
					<e>0.0564333</e>
					<e>0.0510667</e>
					<e>0.0483667</e>
					<e>0.0459</e>
					<e>0.0436667</e>
					<e>0.041</e>
					<e>0.0389333</e>
					<e>0.0383667</e>
					<e>0.0377667</e>
					<e>0.0367333</e>
					<e>0.0362</e>
					<e>0.0360333</e>
					<e>0.0356667</e>
					<e>0.0350333</e>
					<e>0.0338333</e>
					<e>0.0333</e>
					<e>0.0333</e>
					<e>0.0333</e>
					<e>0.0333</e>
					<e>0.0333</e>
					<e>0.0333</e>
					<e>0.0333</e>
					<e>0.0333</e>
					<e>0.0333</e>
					<e>0.0333</e>
					<e>0.0333</e>
					<e>0.0333</e>
					<e>0.0333</e>
					<e>0.0333</e>
					<e>0.0333</e>
					<e>0.0333</e>
					<e>0.0333</e>
					<e>0.0333</e>
					<e>0.0333</e>
					<e>0.0333</e>
					<e>0.0333</e>
					<e>0.0333</e>
					<e>0.0333</e>
					<e>0.0333</e>
					<e>0.0333</e>
					<e>0.0333</e>
					<e>0.0333</e>
					<e>0.0333</e>
					<e>0.0333</e>
					<e>0.0333</e>
					<e>0.0333</e>
					<e>0.0333</e>
					<e>0.0333</e>
					<e>0.0333</e>
					<e>0.0333</e>
					<e>0.0333</e>
					<e>0.0333</e>
					<e>0.0333</e>
					<e>0.0333</e>
					<e>0.0333</e>
					<e>0.0333</e>
					<e>0.0333</e>
					<e>0.0333</e>
					<e>0.0333</e>
					<e>0.0333</e>
					<e>0.0333</e>
					<e>0.0333</e>
					<e>0.0333</e>
					<e>0.0333</e>
					<e>0.0333</e>
					<e>0.0333</e>
					<e>0.0333</e>
					<e>0.0333</e>
					<e>0.0333</e>
					<e>0.0333</e>
					<e>0.0333</e>
					<e>0.0333</e>
					<e>0.0333</e>
					<e>0.0333</e>
				</average_training_error>
				<best_validation_error>-1</best_validation_error>
				<test_error>-1</test_error>
				<last_generation>99</last_generation>
				<program>
					<code_length>50</code_length>
					<num_variables>4</num_variables>
					<code>
						<i>7</i>
						<i>8</i>
						<i>3</i>
						<i>-26 1 0 0 2</i>
						<i>1</i>
						<i>0</i>
						<i>-4 4 2 1 4</i>
						<i>3</i>
						<i>3</i>
						<i>3</i>
						<i>2</i>
						<i>1</i>
						<i>3</i>
						<i>0</i>
						<i>-3 3 12 13 2</i>
						<i>2</i>
						<i>2</i>
						<i>-2 14 2 4 15</i>
						<i>2</i>
						<i>2</i>
						<i>-26 10 7 19 12</i>
						<i>-26 12 5 3 16</i>
						<i>-25 21 13 3 19</i>
						<i>-25 13 19 10 1</i>
						<i>-4 19 20 3 23</i>
						<i>-2 21 21 13 16</i>
						<i>0</i>
						<i>0</i>
						<i>0</i>
						<i>0</i>
						<i>-26 16 20 19 9</i>
						<i>-2 27 27 19 22</i>
						<i>0</i>
						<i>-25 9 0 26 0</i>
						<i>3</i>
						<i>2</i>
						<i>1</i>
						<i>2</i>
						<i>-3 10 21 6 31</i>
						<i>-25 4 29 29 19</i>
						<i>2</i>
						<i>1</i>
						<i>-25 23 11 18 1</i>
						<i>0</i>
						<i>0</i>
						<i>0</i>
						<i>-2 25 37 13 12</i>
						<i>1</i>
						<i>0</i>
						<i>-1 12 33 16 0</i>
					</code>
					<best>-1</best>
					<error>0.0266667</error>
					<binary_classification_threshold>0</binary_classification_threshold>
					<num_constants>5</num_constants>
					<constants>-0.562365 0.280801 0.383221 -0.246437 0.890378 </constants>
				</program>
			</run>
		</results>
	</algorithm>
</project>
